<?xml version="1.0"?>
<apartments>
   <apartment ID = "1">
      <apartmentname>Strawberry</apartmentname>
      <price>150</price>
      <startdate>12,02,20</startdate>
      <enddate>22,02,20</enddate>
	  <maxguests>5</maxguests>
	  <numberbeds>3</numberbeds>
	  <numberbaths>5</numberbaths>
	  <livingroom>yes</livingroom>
   </apartment>
   
   <apartment ID = "2">
      <apartmentname>Apple</apartmentname>
      <price>100</price>
      <startdate>09,04,20</startdate>
      <enddate>20,04,20</enddate>
	  <maxguests>4</maxguests>
	  <numberbeds>3</numberbeds>
	  <numberbaths>2</numberbaths>
	  <livingroom>yes</livingroom>
   </apartment>
   
   <apartment ID = "3">
      <apartmentname>Banana</apartmentname>
      <price>120</price>
      <startdate>08,03,20</startdate>
      <enddate>17,03,20</enddate>
	  <maxguests>5</maxguests>
	  <numberbeds>2</numberbeds>
	  <numberbaths>1</numberbaths>
	  <livingroom>yes</livingroom>
   </apartment>
   
   <apartment ID = "4">
      <apartmentname>Orange</apartmentname>
      <price>135</price>
      <startdate>02,02,20</startdate>
      <enddate>12,02,20</enddate>
	  <maxguests>4</maxguests>
	  <numberbeds>3</numberbeds>
	  <numberbaths>2</numberbaths>
	  <livingroom>yes</livingroom>
   </apartment>
   
   <apartment ID = "5">
      <apartmentname>Lemon</apartmentname>
      <price>90</price>
      <startdate>15,04,20</startdate>
      <enddate>29,04,20</enddate>
	  <maxguests>5</maxguests>
	  <numberbeds>1</numberbeds>
	  <numberbaths>1</numberbaths>
	  <livingroom>yes</livingroom>
   </apartment>
   
   <apartment ID = "6">
      <apartmentname>Grape</apartmentname>
      <price>180</price>
      <startdate>23,01,20</startdate>
      <enddate>04,02,20</enddate>
	  <maxguests>1</maxguests>
	  <numberbeds>1</numberbeds>
	  <numberbaths>1</numberbaths>
	  <livingroom>yes</livingroom>
   </apartment>
   
   <apartment ID = "7">
      <apartmentname>Blueberry</apartmentname>
      <price>70</price>
      <startdate>10,02,20</startdate>
      <enddate>20,02,20</enddate>
	  <maxguests>4</maxguests>
	  <numberbeds>3</numberbeds>
	  <numberbaths>2</numberbaths>
	  <livingroom>yes</livingroom>
   </apartment>
   
   <apartment ID = "8">
      <apartmentname>Raspberry</apartmentname>
      <price>85</price>
      <startdate>19,04,20</startdate>
      <enddate>29,04,20</enddate>
	  <maxguests>5</maxguests>
	  <numberbeds>2</numberbeds>
	  <numberbaths>2</numberbaths>
	  <livingroom>yes</livingroom>
   </apartment>
   
   <apartment ID = "9">
      <apartmentname>Pineapple</apartmentname>
      <price>150</price>
      <startdate>01,05,20</startdate>
      <enddate>11,05,20</enddate>
	  <maxguests>2</maxguests>
	  <numberbeds>2</numberbeds>
	  <numberbaths>2</numberbaths>
	  <livingroom>yes</livingroom>
   </apartment>
   
   <apartment ID = "10">
      <apartmentname>Pumpkin</apartmentname>
      <price>125</price>
      <startdate>15,01,20</startdate>
      <enddate>25,01,20</enddate>
	  <maxguests>4</maxguests>
	  <numberbeds>3</numberbeds>
	  <numberbaths>2</numberbaths>
	  <livingroom>yes</livingroom>
   </apartment>
 </apartments>